predictor,PC1_r,PC2_r
ln_q_HFPP15,0.8577876166762068,0.2124305093397419
ln_q_HFPP7,0.8325121970747086,0.30091226892096173
ln_q_q25,-0.7992174414048054,-0.46730368558796237
ln_q_min,-0.7806246461178933,-0.496301594349861
ln_q_WCDC,0.7795157207958969,-0.5140604728157839
ln_q_CDC,0.778461824622596,-0.5093723414513516
ln_q_rsd,0.7783872746880209,-0.5499512944686218
q_HFPP3,0.7733767465416403,0.31218555169274204
ln_q_med,-0.7637995569513828,-0.5270372792064245
ln_q_FS,0.7482339628777304,-0.5875963324230472
q_LFPP,-0.6665061003955911,-0.36341901815564337
ln_q_q75,-0.5905896176127955,-0.6568756706614219
d_oxygen,-0.5194974306269875,-0.13240858710459114
doc,0.5118562056004665,0.11676799547984601
nitrate,-0.4967078945234021,0.2991222752147971
diatoms,-0.3645964537452263,0.16372925489846207
phosphate,-0.35269635033779256,0.3261751458264078
conductivity,0.26820348996422416,0.3981779170078275
gravel,-0.2656643391502082,0.1932781600328316
ln_rain,0.26517733756954726,-0.680497199635501
ln_q_sd,0.23834109963472114,-0.9323035758619933
width,0.23314027098179307,-0.43085298215342405
bluegreen_cyano,-0.21779804024964242,0.18159255453549386
ln_q_max,0.19788080155460663,-0.9420917158293163
ph,0.1872579741567809,-0.043993511873860455
sand,0.15217787525360793,-0.4239623059823599
green_algae,0.13860596098535755,0.21497864789986315
q_DS,0.13526073291657265,0.07557093655672024
silt,0.1250119463027906,0.4598761163856691
canopy,0.09927334951051851,0.2608291368073618
ammonia,-0.09112959500362613,0.26009682654224764
turbidity,-0.08188103382571701,-0.3230380423841121
depth_mx,-0.012857442116956082,-0.0682127651201743
ln_q_mu,-0.009266978784468773,-0.9501835664328274
temperature,-0.00813282493973649,-0.3081832949629988
