Family,Season,Slope,r_squared,p_value
Centrarchidae,Winter,1.1665777610067705,0.27256222357023685,6.0867857937505054e-5
Centrarchidae,Spring,0.48318128916851266,0.06791844000938947,0.14296885584481459
Centrarchidae,Summer,0.7930927317704765,0.10108922812784384,0.4043991521241095
Centrarchidae,Fall,1.1028198329917973,0.29209923368752355,0.002047517562807872
Poeciliidae,Winter,-0.599752447725783,0.10923566806101491,0.011279123378675307
Poeciliidae,Spring,-0.5476668452188149,0.10955572389881617,0.04237399837004057
Poeciliidae,Summer,-1.284119264665414,0.49774359241960897,0.05057739430285282
Poeciliidae,Fall,-1.240753031941803,0.4350925302730691,5.4287158841164374e-5
